Date,Adj Close (TSLA),Adj Close (SEDG),Close (TSLA),Close (SEDG) ,High (TSLA),High (SEDG),Low (TSLA),Low (SEDG),Open (TSLA),Open (SEDG),Volume (TSLA),Volume (SEDG)
7/11/2019,47.72000122,60.75999832,47.72000122,60.75999832,48.29999924,62.72000122,47.15999985,59.84500122,47.62799835,62.29999924,37572000,520000
7/12/2019,49.01599884,62.11999893,49.01599884,62.11999893,49.07600021,62.54000092,47.94200134,61.27500153,47.95000076,61.47999954,46002500,417500
7/15/2019,50.70000076,61.83000183,50.70000076,61.83000183,50.88399887,62.40000153,48.97200012,60.22000122,49.59999847,62.22999954,55000500,332800
7/16/2019,50.47600174,61.40000153,50.47600174,61.40000153,50.70600128,61.70500183,49.58599854,60.65000153,49.86000061,61.65000153,40745000,204000
7/17/2019,50.97200012,62.36000061,50.97200012,62.36000061,51.66199875,62.5,50.66999817,61.04999924,51.13399887,61.5,48823500,285300
7/18/2019,50.70800018,62.63999939,50.70800018,62.63999939,51.15000153,63,50.37799835,61.90000153,51.00999832,62,23793000,521800
7/19/2019,51.63600159,63.36999893,51.63600159,63.36999893,51.99200058,63.83000183,50.92399979,62.79000092,51.13800049,63,35242000,383300
7/22/2019,51.13600159,63.06000137,51.13600159,63.06000137,52.43000031,64.19000244,50.83800125,62.33599854,51.75,63.47999954,34212000,473200
7/23/2019,52.0340004,62.45000076,52.0340004,62.45000076,52.09600067,63.72999954,50.90000153,61.49399948,51.34199905,63.70000076,25115500,328700
7/24/2019,52.97600174,62.5,52.97600174,62.5,53.2140007,62.77999878,51.63199997,61.55500031,51.83399963,62.54000092,55364000,376600
7/25/2019,45.76399994,63.08000183,45.76399994,63.08000183,46.90000153,63.77000046,45.11000061,61.86000061,46.70000076,62.49000168,112091500,411100
7/26/2019,45.60800171,63.25999832,45.60800171,63.25999832,46.05199814,63.79000092,44.45000076,63.02999878,45.38399887,63.61000061,50138500,193000
7/29/2019,47.15399933,64.33000183,47.15399933,64.33000183,47.18799973,64.54000092,45.20600128,63.00999832,45.41799927,63.50999832,46366500,438700
7/30/2019,48.45199966,63.40000153,48.45199966,63.40000153,48.67200089,64.20999908,46.43600082,63.06000137,46.58000183,63.79999924,40545000,332500
7/31/2019,48.3219986,65.23000336,48.3219986,65.23000336,49.33599854,67.19000244,47.33000183,63.49200058,48.59999847,65.16999817,45891000,1459500
8/1/2019,46.77000046,66.48999786,46.77000046,66.48999786,48.90200043,69,46.35400009,65.80000305,48.52999878,66.58999634,41297500,1218200
8/2/2019,46.86800003,64.98000336,46.86800003,64.98000336,47.25400162,66.80000305,45.84600067,64.08999634,46.27000046,66.72000122,30682500,845500
8/5/2019,45.66400146,62.90999985,45.66400146,62.90999985,46.27399826,64.5,45.15599823,60.93000031,45.91999817,64.11000061,35141500,1169600
8/6/2019,46.15000153,64.18000031,46.15000153,64.18000031,46.5,65.83000183,45.15000153,62.36999893,46.37599945,63.56000137,27821000,1211400
8/7/2019,46.68399811,80.30000305,46.68399811,80.30000305,46.7140007,81,45.15999985,74.86000061,45.29999924,75.98999786,23882500,5565700
8/8/2019,47.65999985,80.81999969,47.65999985,80.81999969,47.95999908,81.12000275,46.52999878,76.19999695,46.88999939,78.65000153,26371500,1478100
8/9/2019,47.0019989,82.33000183,47.0019989,82.33000183,47.79199982,84.61000061,46.76200104,79.02999878,47.20999908,79.16999817,19491000,1535200
8/12/2019,45.80199814,86.62999725,45.80199814,86.62999725,47.15399933,88.23999786,45.75,81.11000061,46.59799957,81.11000061,23319500,2207500
8/13/2019,47,87.77999878,47,87.77999878,47.20000076,89.43000031,45.50999832,86.125,45.76200104,86.83000183,24240500,1440500
8/14/2019,43.92399979,84.69000244,43.92399979,84.69000244,46.29999924,87.69999695,43.33800125,84.66999817,46.24200058,87.02999878,47813000,1325700
8/15/2019,43.12799835,82.08000183,43.12799835,82.08000183,44.31200027,84.44000244,42.31000137,78.80999756,44.17200089,84.30000305,40798000,1487900
8/16/2019,43.98799896,83.80000305,43.98799896,83.80000305,44.44800186,84.34999847,43.20399857,81.61000061,43.33200073,82.25,25492500,1060400
8/19/2019,45.36600113,84.12000275,45.36600113,84.12000275,45.56600189,85.59999847,44.34000015,83.15000153,44.84199905,85,26548000,747200
8/20/2019,45.17200089,84.70999908,45.17200089,84.70999908,45.81800079,85.26000214,44.90800095,83.01000214,45.52399826,84.48999786,20626000,669800
8/21/2019,44.16600037,87.84999847,44.16600037,87.84999847,44.64400101,88.95999908,43.52000046,85.48999786,44.40200043,86.33999634,38971500,1349100
8/22/2019,44.43000031,82.04000092,44.43000031,82.04000092,45.08000183,82.80000305,43.64400101,79.31999969,44.56000137,81.84999847,32795000,2275400
8/23/2019,42.27999878,80.90000153,42.27999878,80.90000153,44.23400116,82.62000275,42.20000076,78.79000092,43.99399948,81.65000153,42693000,935900
8/26/2019,43,82.37999725,43,82.37999725,43.00400162,83.86000061,42.30799866,80.04000092,42.72000122,81.87999725,25259500,637900
8/27/2019,42.81600189,81.83999634,42.81600189,81.83999634,43.75999832,84.01999664,42.40599823,81.41000366,43.14799881,82.98000336,27081000,534800
8/28/2019,43.11800003,82.63999939,43.11800003,82.63999939,43.45000076,83.62000275,42.4620018,81.20999908,42.73799896,81.83000183,16127500,382700
8/29/2019,44.34199905,83.36000061,44.34199905,83.36000061,44.68000031,84.80999756,43.59999847,80.55000305,43.79999924,83.69999695,25897500,898200
8/30/2019,45.12200165,81.91999817,45.12200165,81.91999817,46.48799896,84.30000305,44.84199905,80.30999756,45.83000183,83.95999908,46603000,457200
9/3/2019,45.0019989,77.54000092,45.0019989,77.54000092,45.79000092,81.90000153,44.63199997,77.44000244,44.81600189,80.94000244,26770500,971600
9/4/2019,44.13600159,82.88999939,44.13600159,82.88999939,45.69200134,82.94999695,43.84199905,78.51999664,45.37799835,78.98999786,28805000,1176100
9/5/2019,45.91600037,78.59999847,45.91600037,78.59999847,45.95999908,84.26000214,44.16999817,77.79000092,44.5,83.79000092,36976500,1130800
9/6/2019,45.49000168,77.26000214,45.49000168,77.26000214,45.9280014,79.34999847,45.0340004,76.88999939,45.43999863,79.09999847,20947000,839900
9/9/2019,46.35800171,74.16000366,46.35800171,74.16000366,46.7519989,77.73999786,45.84600067,73.15000153,46,77.19999695,24013500,1315400
9/10/2019,47.10800171,75.12000275,47.10800171,75.12000275,47.10800171,76.29000092,45.7879982,72.5,46.15999985,73.63999939,24418500,1410000
9/11/2019,49.41999817,79.43000031,49.41999817,79.43000031,49.63399887,80.05500031,47.20000076,74.91999817,47.47600174,75.12999725,50214000,931100
9/12/2019,49.17399979,71.63999939,49.17399979,71.63999939,50.70000076,81.15499878,48.88000107,70.875,49.54000092,80.27999878,42906000,3773500
9/13/2019,49.04000092,76.12000275,49.04000092,76.12000275,49.68999863,76.65000153,48.97399902,71.55000305,49.39199829,71.55000305,26565500,1531900
9/16/2019,48.56200027,79.30999756,48.56200027,79.30999756,49.48600006,80.66000366,48.23400116,76.40000153,49.20000076,76.51000214,23640500,1539200
9/17/2019,48.95800018,83.05999756,48.95800018,83.05999756,49.11999893,83.20500183,48.07400131,79.40000153,48.49399948,79.40000153,19327000,1334100
9/18/2019,48.69800186,83.04000092,48.69800186,83.04000092,49.63399887,83.48999786,48.47399902,80.44000244,49,83.15000153,20851000,841300
9/19/2019,49.31999969,89.41999817,49.31999969,89.41999817,49.58800125,90.44999695,48.9679985,83.19999695,49.20000076,83.44000244,23979000,3501400
9/20/2019,48.12400055,89.41000366,48.12400055,89.41000366,49.38999939,91.41999817,47.63199997,85.90000153,49.29800034,90.26000214,31765000,2232700
9/23/2019,48.24599838,89.87000275,48.24599838,89.87000275,49.0359993,90.37000275,47.84400177,87.33000183,48,89.09999847,21701000,1041800
9/24/2019,44.64199829,86.76000214,44.64199829,86.76000214,48.39799881,91.4489975,44.52199936,84.91999817,48.30400085,90.11000061,64457500,1341700
9/25/2019,45.74000168,88.30000305,45.74000168,88.30000305,45.79600143,88.72000122,43.67200089,84.87000275,44.91199875,86.22000122,47135500,690600
9/26/2019,48.51200104,85.34999847,48.51200104,85.34999847,48.66199875,89.52899933,45.47999954,84.97000122,46.13199997,88.70999908,59422500,666400
9/27/2019,48.42599869,82.08000183,48.42599869,82.08000183,49.74200058,86.19000244,47.74599838,81.08999634,48.43999863,85.51000214,55582000,1201700
9/30/2019,48.17399979,83.72000122,48.17399979,83.72000122,48.79600143,84.72000122,47.22200012,81.21499634,48.59999847,82.31999969,29399000,603300
10/1/2019,48.93799973,83.15000153,48.93799973,83.15000153,49.18999863,84.91500092,47.82600021,82.72000122,48.29999924,84.26999664,30813000,629300
10/2/2019,48.62599945,81.12000275,48.62599945,81.12000275,48.93000031,83.04000092,47.88600159,80.30999756,48.65800095,82.43000031,28157000,694400
10/3/2019,46.60599899,81,46.60599899,81,46.89599991,82.05500031,44.85599899,78.42500305,46.37200165,81.16999817,75422500,689000
10/4/2019,46.2859993,85.5,46.2859993,85.5,46.95600128,85.51999664,45.61399841,81.34500122,46.3219986,81.91000366,39975000,802900
10/7/2019,47.54399872,85.51000214,47.54399872,85.51000214,47.7120018,86.95899963,45.70999908,83.58999634,45.95999908,86.08999634,40321000,735500
10/8/2019,48.00999832,87.22000122,48.00999832,87.22000122,48.7879982,88.51000214,46.90000153,84.5,47.17399979,84.69000244,43391000,732800
10/9/2019,48.90599823,85.55000305,48.90599823,85.55000305,49.45999908,87.79000092,48.13000107,83.54000092,48.26399994,87.69000244,34472000,765200
10/10/2019,48.94800186,88.38999939,48.94800186,88.38999939,49.85599899,90,48.31600189,85.53900146,49.05599976,85.61000061,31416500,647000
10/11/2019,49.57799911,88.94999695,49.57799911,88.94999695,50.2159996,90.05500031,49.36199951,88.01000214,49.43000031,88.87999725,42377000,774200
10/14/2019,51.39199829,89.10500336,51.39199829,89.10500336,51.70999908,90.5,49.42599869,88.37000275,49.58000183,89.5,51025000,523600
10/15/2019,51.57799911,84.80000305,51.57799911,84.80000305,52,87.48999786,50.82400131,83.33999634,51.54000092,85.80000305,32164000,2083900
10/16/2019,51.95000076,83.87999725,51.95000076,83.87999725,52.41999817,84.62999725,51.38399887,82.91999817,51.47800064,84.16999817,33420500,1072800
10/17/2019,52.39400101,83.62000275,52.39400101,83.62000275,52.95600128,85.55000305,52.0340004,82.68000031,52.5,84.01000214,23846500,9443000
10/18/2019,51.38999939,85.16999817,51.38999939,85.16999817,52.56000137,86.68000031,51.02000046,84.05000305,52.13999939,84.19999695,28749000,1371500
10/21/2019,50.70000076,87.26999664,50.70000076,87.26999664,51.90000153,88.41500092,50.0359993,85.01000214,51.66600037,85.37999725,25101500,753300
10/22/2019,51.11600113,86.80999756,51.11600113,86.80999756,51.66600037,89.29000092,50.16999817,85.08999634,50.86399841,87.40000153,23004000,913300
10/23/2019,50.93600082,91.5,50.93600082,91.5,51.22800064,92.59999847,50.27000046,86.97000122,50.90000153,87.08999634,26305500,1514500
10/24/2019,59.93600082,93.5,59.93600082,93.5,60.98600006,95,57.84000015,91.12999725,59.67399979,92.12000275,148604500,1666600
10/25/2019,65.62599945,93.19999695,65.62599945,93.19999695,66,93.30999756,59.22200012,88.26999664,59.54399872,92.87999725,150030500,1124800
10/28/2019,65.54199982,93.31999969,65.54199982,93.31999969,68.16799927,96.68800354,64.51999664,93.02999878,65.50800323,93.76000214,94351500,933800
10/29/2019,63.24399948,92.08000183,63.24399948,92.08000183,64.86000061,94.92199707,62.95000076,91.84999847,63.9980011,93.80999756,63421500,777000
10/30/2019,63.0019989,84.81999969,63.0019989,84.81999969,63.75799942,90.20500183,61.99399948,82.69999695,62.59999847,89.58000183,48209000,2521900
10/31/2019,62.98400116,84.95999908,62.98400116,84.95999908,63.79999924,86.80999756,62.59999847,83.41999817,62.61999893,85.51000214,25335000,941700
11/1/2019,62.66199875,83.19000244,62.66199875,83.19000244,63.29600143,85.7480011,61.95999908,82.12000275,63.26399994,85.37000275,31919500,933900
11/4/2019,63.49399948,79.59999847,63.49399948,79.59999847,64.38800049,85,61.85200119,79.15000153,62.95999908,84.84999847,43935000,1963000
11/5/2019,63.44400024,83.26999664,63.44400024,83.26999664,64.70200348,83.56500244,63.22399902,77.48999786,63.92399979,77.51999664,34717000,1711400
11/6/2019,65.31600189,79.91000366,65.31600189,79.91000366,65.34400177,85,62.90000153,79.68000031,63.59999847,83.77999878,39704500,2397800
11/7/2019,67.10800171,79.90000153,67.10800171,79.90000153,68.30000305,84.08999634,65.60399628,75.11000061,65.82800293,78.19000244,72336500,4549400
11/8/2019,67.4280014,77.94999695,67.4280014,77.94999695,67.49199677,80.56999969,66.5,76.30999756,66.90000153,79.90000153,30346000,1456600
11/11/2019,69.01799774,81.06999969,69.01799774,81.06999969,69.83799744,82,68.40000153,77.65000153,68.79000092,78.43000031,49933500,1352200
11/12/2019,69.98600006,80.75,69.98600006,80.75,70.0739975,82.66999817,68.80799866,79.84999847,69.37999725,81.30999756,36797000,904500
11/13/2019,69.22200012,77.27999878,69.22200012,77.27999878,71.26599884,80.69999695,69.03600311,77.16000366,71,80.58000183,42100500,1366500
11/14/2019,69.87000275,78.23999786,69.87000275,78.23999786,70.76799774,78.84999847,68.58200073,76.33000183,69.22200012,77.38999939,32324500,1494500
11/15/2019,70.43399811,78.95999908,70.43399811,78.95999908,70.55999756,81,69.67199707,78.45999908,70.12799835,78.45999908,24045000,822200
11/18/2019,69.9980011,76.79000092,69.9980011,76.79000092,70.62999725,78.80000305,69.22000122,76.46099854,70.58399963,78.80000305,22002000,903000
11/19/2019,71.90399933,79.01999664,71.90399933,79.01999664,71.9980011,79.14499664,69.55999756,75.26000214,70.34999847,77.5,38624000,1014600
11/20/2019,70.44400024,78.30999756,70.44400024,78.30999756,72.23999786,80.06999969,69.91400146,77.60600281,72,79,33625500,845800
11/21/2019,70.96600342,76.98000336,70.96600342,76.98000336,72.16799927,79.23999786,70.80000305,76.41000366,70.90200043,78.36000061,30550000,1018900
11/22/2019,66.60800171,76.37000275,66.60800171,76.37000275,68.19999695,77.76000214,66,74.06999969,68.03199768,77.55000305,84353000,1232800
11/25/2019,67.26799774,80.16000366,67.26799774,80.16000366,68.91400146,81.19999695,66.89199829,76.79599762,68.86399841,77,61697500,1348700
11/26/2019,65.78399658,78.91000366,65.78399658,78.91000366,67.09999847,81,65.41999817,78.43000031,67.05400085,80.44000244,39737000,998600
11/27/2019,66.25800323,82.38999939,66.25800323,82.38999939,66.78600311,83.34999847,65.71399689,79.18000031,66.22399902,79.70999908,27778000,816900
11/29/2019,65.98799896,81.61000061,65.98799896,81.61000061,66.2519989,82.88999939,65.5,80.02999878,66.22200012,82.5,12328000,467400
12/2/2019,66.97399902,81.72000122,66.97399902,81.72000122,67.27600098,83.40000153,65.73799896,80.16999817,65.87999725,83,30372500,731800
12/3/2019,67.23999786,88.04000092,67.23999786,88.04000092,67.58200073,88.25,66.43800354,79.5,66.52400208,80.81999969,32868500,1555200
12/4/2019,66.60600281,86.54000092,66.60600281,86.54000092,67.5719986,89.26699829,66.56999969,85.12000275,67.55000305,88.5,27665000,1681500
12/5/2019,66.0739975,82.88999939,66.0739975,82.88999939,66.88400269,87.93000031,65.44999695,82.61000061,66.56600189,86.51999664,18623000,2053900
12/6/2019,67.1780014,83.93000031,67.1780014,83.93000031,67.77200317,85.6760025,66.95400238,82.77999878,67,83.43000031,38062000,1290800
12/9/2019,67.90599823,82.83999634,67.90599823,82.83999634,68.88999939,85.05999756,67.01599884,82.05000305,67.31800079,83.56999969,45115500,935600
12/10/2019,69.76799774,81.48000336,69.76799774,81.48000336,70.14600372,82.98999786,67.86199951,79.55000305,67.99199677,82.69999695,44141500,763600
12/11/2019,70.54000092,83.51000214,70.54000092,83.51000214,71.43800354,84.15000153,70.21800232,81.52999878,70.37599945,81.55999756,34489000,789600
12/12/2019,71.93599701,87.30000305,71.93599701,87.30000305,72.54799652,87.59999847,70.64600372,82.76999664,70.98400116,83.52999878,38819500,1236800
12/13/2019,71.6780014,90.16999817,71.6780014,90.16999817,73.04199982,90.98999786,70.9280014,86.16000366,72.20999908,86.81999969,32854500,1364900
12/16/2019,76.30000305,92.79000092,76.30000305,92.79000092,76.72200012,94.05699921,72.5,89.55999756,72.51000214,90.16000366,90871000,6128000
12/17/2019,75.79799652,91.44000244,75.79799652,91.44000244,77.09999847,93.94999695,75.18000031,90.86000061,75.79799652,92.16000366,42484000,1350300
12/18/2019,78.62999725,91.86000061,78.62999725,91.86000061,79.04399872,93.04399872,76.11599731,90.56999969,76.12599945,91.68000031,70605000,1057900
12/19/2019,80.80799866,93.77999878,80.80799866,93.77999878,81.37000275,94.54000092,79.30000305,91.01000214,79.46399689,91.58999634,90535500,1464400
12/20/2019,81.11799622,95,81.11799622,95,82.59999847,96.63999939,80.03800201,93.55999756,82.05799866,94,73763500,1399100
12/23/2019,83.84400177,94.18000031,83.84400177,94.18000031,84.40200043,95.69999695,82,92.90000153,82.35600281,95.69999695,66598000,845000
12/24/2019,85.05000305,95.19999695,85.05000305,95.19999695,85.09400177,95.5,82.53800201,93.30999756,83.67199707,94.88999939,40273500,187300
12/26/2019,86.18800354,95.55999756,86.18800354,95.55999756,86.69599915,96.23999786,85.26999664,94.51000214,85.58200073,95.55000305,53169500,551700
12/27/2019,86.0759964,94.26000214,86.0759964,94.26000214,87.06199646,95.94999695,85.22200012,93.91000366,87,95.56999969,49728500,346000
12/30/2019,82.94000244,94,82.94000244,94,85.80000305,94.98999786,81.85199738,92.01999664,85.75800323,94.66000366,62932000,539300
12/31/2019,83.66600037,95.08999634,83.66600037,95.08999634,84.25800323,96,80.41600037,93.77999878,81,93.90000153,51428500,554700
1/2/2020,86.05200195,101.8099976,86.05200195,101.8099976,86.13999939,101.8799973,84.34200287,96.75,84.90000153,97,47660500,2154800
1/3/2020,88.60199738,102.3799973,88.60199738,102.3799973,90.80000305,103.5999985,87.38400269,100.0199966,88.09999847,100.8399963,88892500,1016500
1/6/2020,90.30799866,99.62999725,90.30799866,99.62999725,90.31199646,101.8799973,88,98.63500214,88.09400177,101.3700027,50665000,970800
1/7/2020,93.81199646,101.7900009,93.81199646,101.7900009,94.3259964,102.0299988,90.67199707,97.69999695,92.27999878,100,89410500,834900
1/8/2020,98.4280014,104.1600037,98.4280014,104.1600037,99.69799805,105.6800003,93.64600372,101.1900024,94.73999786,101.1900024,155721500,1041300
1/9/2020,96.26799774,102.7399979,96.26799774,102.7399979,99.76000214,105.5999985,94.5739975,101.2300034,99.41999817,105.4000015,142202000,1030600
1/10/2020,95.62999725,104.5199966,95.62999725,104.5199966,96.98799896,106.1100006,94.73999786,103.0999985,96.35800171,103.2300034,64797500,1119000
1/13/2020,104.9720001,103.0800018,104.9720001,103.0800018,105.1259995,106.1399994,98.40000153,102.7200012,98.69999695,105.1100006,132588000,875000
1/14/2020,107.5839996,104.0199966,107.5839996,104.0199966,109.4820023,104.6200027,104.9800034,101.0100021,108.8519974,103.3700027,144981000,741400
1/15/2020,103.6999969,103.6100006,103.6999969,103.6100006,107.5680008,105.5,103.3580017,102.8649979,105.9520035,104.3899994,86844000,558400
1/16/2020,102.697998,102.6999969,102.697998,102.6999969,102.8919983,104.9899979,98.43399811,100.4199982,98.75,104.3199997,108683500,1121500
1/17/2020,102.0999985,104.75,102.0999985,104.75,103.1340027,105.5999985,100.6320038,102.0999985,101.5220032,102.9000015,68145500,652700
1/21/2020,109.4400024,107.5299988,109.4400024,107.5299988,109.7160034,108.8099976,105.6819992,103.9100037,106.0500031,105.0699997,89017500,1102600
1/22/2020,113.9120026,108.4599991,113.9120026,108.4599991,118.9000015,108.9499969,111.8199997,106.5500031,114.3779984,108.3499985,156845000,639000
1/23/2020,114.4400024,108.7300034,114.4400024,108.7300034,116.4000015,110.8249969,111.1200027,106.7799988,112.8499985,108.3899994,98255000,768500
1/24/2020,112.9639969,110.1299973,112.9639969,110.1299973,114.7720032,112.9899979,110.8519974,109.4100037,114.1259995,109.9899979,71768000,950000
1/27/2020,111.6039963,96.25,111.6039963,96.25,112.8880005,105,107.8560028,96,108.3980026,105,68040500,2811700
1/28/2020,113.3799973,103.3600006,113.3799973,103.3600006,115.3619995,103.8700027,111.6159973,97.66999817,113.697998,99.26000214,58942500,1484700
1/29/2020,116.197998,102.7099991,116.197998,102.7099991,117.9599991,105.4000015,113.4860001,102.2900009,115.1380005,103.75,89007500,1152500
1/30/2020,128.1620026,103.2200012,128.1620026,103.2200012,130.1759949,103.6999969,123.5999985,100.3499985,126.4840012,102.0100021,145028500,786100
1/31/2020,130.1139984,97.86000061,130.1139984,97.86000061,130.6000061,103.0500031,126.5039978,96.5,128,103.0199966,78596500,1086200
2/3/2020,156,100.9800034,156,100.9800034,157.2279968,101.8600006,134.7039948,97.66000366,134.7380066,98.16000366,236167500,1018300
2/4/2020,177.4120026,107.8099976,177.4120026,107.8099976,193.7980042,108.1399994,166.776001,102.4440002,176.5919952,102.8000031,304694000,1217900
2/5/2020,146.9400024,104.4700012,146.9400024,104.4700012,169.1959991,109.9000015,140.8220062,101.5299988,164.6519928,109.8199997,242119000,1133600
2/6/2020,149.7920074,103.9400024,149.7920074,103.9400024,159.1660004,106,137.3999939,102.2549973,139.9839935,104.5,199404000,737700
2/7/2020,149.6139984,100.6200027,149.6139984,100.6200027,153.9499969,103.4499969,146,99.77999878,146.1100006,102.9499969,85317500,576000
2/10/2020,154.2559967,102.5999985,154.2559967,102.5999985,163.9980011,103.5999985,150.4799957,100,160,100.6200027,123446000,846900
2/11/2020,154.8760071,106.0299988,154.8760071,106.0299988,156.7019958,107.3199997,151.6000061,102.7099991,153.7579956,102.9000015,58487500,1034800
2/12/2020,153.4579926,111.8600006,153.4579926,111.8600006,157.9499969,112.2699966,152.673996,107.4150009,155.5740051,107.9599991,60112500,912000
2/13/2020,160.8000031,111.1600037,160.8000031,111.1600037,163.6000061,113.1999969,147,108.6900024,148.3679962,109.6299973,131446500,1197600
2/14/2020,160.0059967,111.2099991,160.0059967,111.2099991,162.5939941,113.0199966,157.1000061,110.2399979,157.4440002,112.2600021,78468500,845700
2/18/2020,171.6799927,108.3799973,171.6799927,108.3799973,172,111.5,166.4720001,106.5599976,168.3200073,111.4599991,81908500,1156600
2/19/2020,183.4839935,127.8199997,183.4839935,127.8199997,188.9559937,128.8000031,180.2039948,114.2649994,184.6999969,114.9599991,127115000,4884800
2/20/2020,179.8820038,142.1999969,179.8820038,142.1999969,182.3999939,143.7299957,171.9880066,128.1199951,182.3899994,138.25,88174500,6533800
2/21/2020,180.1999969,142.0700073,180.1999969,142.0700073,182.6119995,142.4949951,176.0899963,135.0500031,181.3959961,140.2700043,71574000,2458900
2/24/2020,166.7579956,135.6300049,166.7579956,135.6300049,172.6999969,138.8699951,164.4400024,129.4600067,167.8000031,131.4299927,75961000,2143800
2/25/2020,159.9819946,133,159.9819946,133,171.3200073,137.9900055,157.3999939,132.0899963,169.8000031,136.5700073,86452500,1790700
2/26/2020,155.7599945,132.4100037,155.7599945,132.4100037,162.6620026,134.4900055,155.2220001,128.5,156.5,129.75,70427500,2046200
2/27/2020,135.8000031,125.9499969,135.8000031,125.9499969,147.9539948,128.5,133.8000031,116.5,146,126.7799988,121386000,3111000
2/28/2020,133.5980072,124.7200012,133.5980072,124.7200012,138.1040039,126.1999969,122.3040009,116.8000031,125.9400024,118.2600021,122821000,2428100
3/2/2020,148.723999,128.6999969,148.723999,128.6999969,148.7380066,129,137.3339996,121.4499969,142.2519989,128.0599976,100975000,1467200
3/3/2020,149.102005,128.6600037,149.102005,128.6600037,161.3959961,134.5180054,143.2220001,126.2600021,161,134.4199982,128920000,1630800
3/4/2020,149.8999939,135.7100067,149.8999939,135.7100067,153.3040009,135.9499969,144.9459991,130.0050049,152.7920074,132.9100037,75245000,880000
3/5/2020,144.9080048,137.5399933,144.9080048,137.5399933,149.1499939,138.8200073,143.6139984,129.3699951,144.7539978,131.1900024,54263500,1147300
3/6/2020,140.6959991,133.3399963,140.6959991,133.3399963,141.3999939,135.8500061,136.8540039,127.7099991,138,131.4299927,63314500,1432400
3/9/2020,121.5999985,111.6600037,121.5999985,111.6600037,132.6000061,119.5279999,121,109.4599991,121.0780029,116.9199982,85368500,1822300
3/10/2020,129.0659943,116.9199982,129.0659943,116.9199982,133.6000061,118.5299988,121.5999985,111.0029984,131.8860016,118.1200027,77972000,1112500
3/11/2020,126.8460007,106.1100006,126.8460007,106.1100006,130.7160034,115.7799988,122.5999985,100.1200027,128.0399933,113.3899994,66612500,2090300
3/12/2020,112.1100006,90.72000122,112.1100006,90.72000122,118.9000015,97.12000275,109.25,83.33000183,116.1780014,90.83999634,94545500,1919900
3/13/2020,109.3239975,91.11000061,109.3239975,91.11000061,121.5139999,102,100.4000015,88.01000214,119,99.75,113201500,2088200
3/16/2020,89.01399994,81.19000244,89.01399994,81.19000244,98.97399902,85.58999634,88.43399811,73.44000244,93.90000153,79.48000336,102447500,1571500
3/17/2020,86.04000092,84.70999908,86.04000092,84.70999908,94.37000275,88,79.19999695,76.08000183,88.0019989,82.01999664,119973000,1814300
3/18/2020,72.2440033,76.73000336,72.2440033,76.73000336,80.97200012,82.45999908,70.10199738,69.72000122,77.80000305,79.48000336,118931000,1513900
3/19/2020,85.52799988,76.80999756,85.52799988,76.80999756,90.40000153,81.98999786,71.69200134,68.26000214,74.94000244,75.58000183,150977500,1965500
3/20/2020,85.5059967,69.61000061,85.5059967,69.61000061,95.40000153,83.59999847,85.15799713,69.52999878,87.63999939,81.88999939,141427500,1971400
3/23/2020,86.85800171,69.48000336,86.85800171,69.48000336,88.40000153,73.54000092,82.09999847,67.01999664,86.72000122,71.22000122,82272500,1492400
3/24/2020,101,85.30999756,101,85.30999756,102.737999,86.29000092,94.80000305,76.67500305,95.45999908,76.67500305,114476000,1852700
3/25/2020,107.8499985,89.90000153,107.8499985,89.90000153,111.4000015,94.5,102.2220001,82,109.0500031,87.87999725,106113500,2198100
3/26/2020,105.6320038,90.44999695,105.6320038,90.44999695,112,95,102.4499969,87.19000244,109.4779968,91.33000183,86903500,983700
3/27/2020,102.8720016,82.37000275,102.8720016,82.37000275,105.1600037,86.73999786,98.80599976,82,101,86.12000275,71887000,962000
3/30/2020,100.4260025,81.63999939,100.4260025,81.63999939,103.3300018,84.98000336,98.2460022,80.66999817,102.052002,82.90000153,59990500,1195200
3/31/2020,104.8000031,81.87999725,104.8000031,81.87999725,108.5920029,85.33000183,99.40000153,80.30999756,100.25,82.19999695,88857500,1049700
4/1/2020,96.31199646,78.81999969,96.31199646,78.81999969,102.7900009,81,95.01999664,78,100.8000031,79.19999695,66766000,889600
4/2/2020,90.89399719,76.97000122,90.89399719,76.97000122,98.85199738,79.26000214,89.27999878,73.62999725,96.20600128,76.08999634,99292000,1124200
4/3/2020,96.0019989,74.48000336,96.0019989,74.48000336,103.0979996,77,93.6780014,72.80000305,101.9000015,76,22562100,1161300
4/6/2020,103.2480011,85.15000153,103.2480011,85.15000153,104.1999969,85.97000122,99.59200287,78.36000061,102.2399979,78.36000061,14901800,1166000
4/7/2020,109.0899963,88.80000305,109.0899963,88.80000305,113,94.72499847,106.4680023,87.79000092,109,91.16899872,17919800,1418700
4/8/2020,109.7679977,93.06999969,109.7679977,93.06999969,111.4420013,93.76000214,106.6660004,88.83000183,110.8399963,90.73999786,12656000,813200
4/9/2020,114.5999985,96.63999939,114.5999985,96.63999939,115.0360031,100.9599991,111.4219971,94.05000305,112.4179993,95.19000244,13650000,1014400
4/13/2020,130.1900024,92.20999908,130.1900024,92.20999908,130.3999939,97,116.1060028,89.26999664,118.0319977,96.5,22475400,860100
4/14/2020,141.9779968,98.68000031,141.9779968,98.68000031,148.3760071,99.79000092,138.4859924,94.5,139.7940063,96,30576500,757800
4/15/2020,145.9660034,92.01000214,145.9660034,92.01000214,150.6260071,95.88999939,142,90.26000214,148.3999939,95.30000305,23577000,956300
4/16/2020,149.0420074,94.98999786,149.0420074,94.98999786,151.8899994,95.69000244,141.3439941,92.5,143.3880005,94.30000305,20657900,838500
4/17/2020,150.7779999,97.09999847,150.7779999,97.09999847,154.9900055,100.8499985,149.5319977,95.5,154.4559937,99.58999634,13128200,1101500
4/20/2020,149.2720032,93.66000366,149.2720032,93.66000366,153.1139984,99.54000092,142.4420013,93.40000153,146.5399933,94.58000183,14746600,809000
4/21/2020,137.3439941,86.69000244,137.3439941,86.69000244,150.6660004,94,134.7579956,85.69000244,146.0240021,91.72000122,20209100,1250700
4/22/2020,146.4219971,95.51000214,146.4219971,95.51000214,146.8000031,96.38800049,137.7420044,89.98999786,140.7960052,90,14224800,698300
4/23/2020,141.1260071,100.6999969,141.1260071,100.6999969,146.8000031,104.5699997,140.6260071,96.66999817,145.5200043,97.33000183,13236700,1335300
4/24/2020,145.0299988,100.7300034,145.0299988,100.7300034,146.1459961,102.1149979,139.6360016,98,142.1620026,101.0199966,13237600,973200
4/27/2020,159.75,104.6900024,159.75,104.6900024,159.897995,105.5,147,101.0100021,147.5220032,102.5500031,20681400,761400
4/28/2020,153.8240051,109.7900009,153.8240051,109.7900009,161,111.8399963,151.3379974,106.5899963,159.128006,107.8899994,15222000,1057600
4/29/2020,160.102005,122.4199982,160.102005,122.4199982,160.6399994,122.7799988,156.6320038,111,158.0339966,112.1900024,16216000,1604400
4/30/2020,156.3760071,111.5899963,156.3760071,111.5899963,173.9640045,120.6299973,152.6999969,111,171.0379944,116.8600006,28471900,1108600
5/1/2020,140.2640076,104.9599991,140.2640076,104.9599991,154.5540009,110,136.6080017,103.0250015,151,107.1200027,32531800,999300
5/4/2020,152.2380066,107.1399994,152.2380066,107.1399994,152.3999939,107.3799973,139.6000061,101.1900024,140.1999969,103.3799973,19237100,899200
5/5/2020,153.6419983,107.8600006,153.6419983,107.8600006,159.7839966,113.8499985,152.4360046,107.4199982,157.9579926,112.2799988,16991700,1018300
5/6/2020,156.5160065,125.75,156.5160065,125.75,157.9600067,126.8899994,152.2220001,112,155.3000031,113.3099976,11123200,2718100
5/7/2020,156.0079956,109.7399979,156.0079956,109.7399979,159.2799988,116.8799973,154.4700012,105,155.4420013,109.25,11527700,3795700
5/8/2020,163.8840027,118.3199997,163.8840027,118.3199997,164.8000031,119.8199997,157.4019928,109.1200027,158.7539978,110.8099976,16130100,1471100
5/11/2020,162.2579956,122.9400024,162.2579956,122.9400024,164.8000031,123.1999969,157,114.5599976,158.102005,116,16519600,1118000
5/12/2020,161.8820038,121,161.8820038,121,168.6580048,129.1799927,161.6000061,120.9700012,165.3999939,124.2699966,15906900,1354100
5/13/2020,158.1920013,117.7300034,158.1920013,117.7300034,165.1999969,123.4700012,152.6600037,113.7300034,164.1660004,121.7699966,19065500,1012700
5/14/2020,160.6660004,119.4800034,160.6660004,119.4800034,160.6719971,119.6699982,152.8000031,112,156,113.0500031,13682200,894500
5/15/2020,159.8339996,120.4400024,159.8339996,120.4400024,161.0099945,121.5699997,157.3099976,115.5,158.0700073,116.0899963,10500700,525800
5/18/2020,162.7259979,128,162.7259979,128,166.9440002,128.8600006,160.776001,124.3499985,165.5559998,127.5,58490500,928700
5/19/2020,161.602005,134.8600006,161.602005,134.8600006,164.4140015,137.25,161.2160034,127.9850006,163.0339966,128.5299988,48182500,1744900
5/20/2020,163.1119995,137.25,163.1119995,137.25,165.1999969,141.4499969,162.3600006,134.5099945,164.1000061,139.3699951,36546500,1443300
5/21/2020,165.5200043,136.5099945,165.5200043,136.5099945,166.5,140.3000031,159.1999969,132.5099945,163.1999969,136.1499939,61273000,1261200
5/22/2020,163.3760071,130.3899994,163.3760071,130.3899994,166.3560028,137.5,162.3999939,129.8699951,164.4340057,136.6999969,49937500,638700
5/26/2020,163.7740021,136.5399933,163.7740021,136.5399933,166.9199982,138.7579956,163.1419983,134.5299988,166.8999939,135.5,40448500,881800
5/27/2020,164.0460052,137.2400055,164.0460052,137.2400055,165.5420074,138.0700073,157,127.2200012,164.1719971,137.7899933,57747500,755500
5/28/2020,161.1620026,135.2899933,161.1620026,135.2899933,164.9499969,143.2899933,160.3379974,132.7899933,162.7019958,136.0800018,36278000,746800
5/29/2020,167,141.8999939,167,141.8999939,167,142.3800049,160.8419952,133.25,161.75,134.7599945,59062500,1010200
6/1/2020,179.6199951,150.6999969,179.6199951,150.6999969,179.8000031,151.4900055,170.8200073,138.5099945,171.6000061,138.7100067,74697500,1198700
6/2/2020,176.3119965,148.9700012,176.3119965,148.9700012,181.7319946,152.9250031,174.1999969,145,178.9400024,150.25,67828000,863600
6/3/2020,176.5919952,150.5899963,176.5919952,150.5899963,179.5879974,151.8600006,176.0200043,146.5,177.6239929,150.25,39747500,1036000
6/4/2020,172.8760071,142.3999939,172.8760071,142.3999939,179.1499939,149.5700073,171.6880035,141.0500031,177.9759979,149.0899963,44438500,1159500
6/5/2020,177.1320038,148.2799988,177.1320038,148.2799988,177.3040009,151.6499939,173.2400055,143.3200073,175.5679932,146.8800049,39059500,1343200
6/8/2020,189.9839935,150.8899994,189.9839935,150.8899994,190,151.6799927,181.8320007,146.5200043,183.8000031,150.0399933,70873500,695400
6/9/2020,188.1340027,148.8399963,188.1340027,148.8399963,190.8880005,150.9100037,184.7859955,145.8000031,188.0019989,149.1000061,56941000,572400
6/10/2020,205.0099945,147.3699951,205.0099945,147.3699951,205.4960022,150.4799957,196.5,144,198.3760071,150.0500031,92817000,737700
6/11/2020,194.5679932,138.6900024,194.5679932,138.6900024,203.7920074,144.4730072,194.3999939,136.8200073,198.0399933,139.6600037,79582500,1138500
6/12/2020,187.0559998,142.0500031,187.0559998,142.0500031,197.595993,147.4499969,182.5200043,138.6999969,196,145.0700073,83817000,788500
6/15/2020,198.1799927,148.1999969,198.1799927,148.1999969,199.7680054,148.8399963,181.6999969,135.2200012,183.5579987,135.2299957,78486000,744800
6/16/2020,196.4259949,153.1000061,196.4259949,153.1000061,202.576004,156.9199982,192.4779968,149.7299957,202.3699951,151.6399994,70255500,1030200
6/17/2020,198.3580017,145.2700043,198.3580017,145.2700043,201,154.75,196.5140076,143.8300018,197.5420074,154,49454000,1586600
6/18/2020,200.7920074,151,200.7920074,151,203.8399963,151.5399933,198.8939972,145.8249969,200.6000061,146.0299988,48759500,831800
6/19/2020,200.1799927,153.6000061,200.1799927,153.6000061,203.1940002,156.2400055,198.2680054,151.3099976,202.5559998,152.2700043,43398500,1148400
6/22/2020,198.8639984,152.9799957,198.8639984,152.9799957,201.776001,155.2400055,198.0039978,147.8999939,199.9900055,153.8699951,31812000,899100
6/23/2020,200.3560028,151.3399963,200.3560028,151.3399963,202.3999939,155.8899994,198.802002,150.6999969,199.776001,155.25,31826500,637500
6/24/2020,192.1699982,148.4799957,192.1699982,148.4799957,200.1759949,153.3300018,190.628006,145.8350067,198.8220062,150,54798000,871800
6/25/2020,197.1959991,137.1750031,197.1959991,137.1750031,197.1959991,144.7400055,187.4299927,134.0700073,190.8540039,144.3000031,46272500,1748300
6/26/2020,191.947998,129.5299988,191.947998,129.5299988,199,138.7899933,190.973999,127.1900024,198.9559937,138.4499969,44274500,4649900
6/29/2020,201.8699951,137.0599976,201.8699951,137.0599976,202,137.7299957,189.7039948,129.9299927,193.802002,129.9700012,45132000,1182700
6/30/2020,215.9620056,138.7799988,215.9620056,138.7799988,217.5379944,139.2799988,200.7460022,136.0050049,201.3000031,136.3899994,84592500,805100
7/1/2020,223.9259949,141.3899994,223.9259949,141.3899994,227.0659943,142.4900055,216.1000061,135.9649963,216.6000061,139.25,66634500,802700
7/2/2020,241.7319946,143.1100006,241.7319946,143.1100006,245.6000061,144.75,237.1199951,140.1900024,244.2960052,143.8099976,86250500,740800
7/6/2020,274.3160095,148.8800049,274.3160095,148.8800049,275.5580139,149.0700073,253.2079926,144.8399963,255.3379974,146,102849500,1096400
7/7/2020,277.9719849,146.5700073,277.9719849,146.5700073,285.8999939,151.3200073,267.3420105,146.3300018,281.0020142,148.5599976,107448500,854200
7/8/2020,273.1759949,157.9199982,273.1759949,157.9199982,283.4519958,158,262.2680054,147.2899933,281,148.5299988,81556500,1342500
7/9/2020,278.8559875,157.1699982,278.8559875,157.1699982,281.7120056,159.5480042,270.256012,150.6999969,279.3980103,159,58588000,793100
7/10/2020,308.9299927,159.4400024,308.9299927,159.4400024,309.7839966,159.6999969,275.2019958,154.0599976,279.2000122,157.0299988,116688000,628100
7/13/2020,299.4119873,154.6799927,299.4119873,154.6799927,358.9979858,167.4299927,294.2219849,154.2899933,331.7999878,160.8500061,194927000,1174200
7/14/2020,303.3599854,168.1999969,303.3599854,168.1999969,318,168.6199951,286.2000122,151.75,311.2000122,153.4700012,117090500,1094500
7/15/2020,309.2019958,174.8500061,309.2019958,174.8500061,310,175.1399994,291.3999939,168.1199951,308.6000061,170.6399994,81839000,1127200
7/16/2020,300.1279907,164.75,300.1279907,164.75,306.3420105,171.6889954,293.2000122,163.1900024,295.4320068,169.3000031,71504000,1160700
7/17/2020,300.1679993,171.5800018,300.1679993,171.5800018,307.5020142,172.6499939,298,165,302.6900024,166.9600067,46650000,930800
7/20/2020,328.6000061,176.3000031,328.6000061,176.3000031,330,177.2200012,297.6000061,171.0700073,303.802002,171.2899933,85607000,999900
7/21/2020,313.6719971,170.3800049,313.6719971,170.3800049,335,178.3000031,311.6000061,168.3009949,327.9859924,177.5,80786500,1179900
7/22/2020,318.4660034,175.6499939,318.4660034,175.6499939,325.2839966,178.0850067,312.3999939,170.2200012,319.7999878,171.6199951,70805500,1287600
7/23/2020,302.6140137,176.2899933,302.6140137,176.2899933,337.7999878,181.8049927,296.1539917,172.0099945,335.7900085,175.0099945,121642500,997400
7/24/2020,283.3999939,171.6000061,283.3999939,171.6000061,293,173.6900024,273.3080139,164.1170044,283.2019958,172.2599945,96983000,1001900
7/27/2020,307.9200134,180.7400055,307.9200134,180.7400055,309.5880127,180.9900055,282.6000061,174.0099945,287,175.6600037,80243500,1098000
7/28/2020,295.2980042,170.5399933,295.2980042,170.5399933,312.9400024,178.7149963,294.8840027,169.6999969,300.7999878,178.5,79043500,991300
7/29/2020,299.821991,176.7599945,299.821991,176.7599945,306.9620056,179.8999939,297.3999939,171.875,300.2000122,173.0099945,47134500,781100
7/30/2020,297.4979858,175.2599945,297.4979858,175.2599945,302.6480103,176.6100006,294.2000122,172.5200043,297.6000061,173.8300018,38105000,428900
7/31/2020,286.1520081,175.1000061,286.1520081,175.1000061,303.4100037,177.8500061,284.1960144,173.2350006,303,177.1499939,61235000,640500
8/3/2020,297,173.5599976,297,173.5599976,301.9620056,174.4750061,288.8760071,162.6000061,289.8399963,172.6649933,44046500,1274300
8/4/2020,297.3999939,196.1499939,297.3999939,196.1499939,305.4819946,209.3869934,292.3999939,187.3399963,299.0020142,187.8000031,42075000,3438800
8/5/2020,297.0039978,216.0599976,297.0039978,216.0599976,299.9679871,221.25,293.6619873,195.0099945,298.5979919,199.7100067,24890000,2017600
8/6/2020,297.9159851,206.3200073,297.9159851,206.3200073,303.4620056,217.5899963,295.4519958,201,298.1659851,214.1999969,29961500,1960100
8/7/2020,290.5419922,211.4700012,290.5419922,211.4700012,299.9500122,215.3500061,283.0020142,204.8000031,299.9079895,204.8000031,44482000,997700
8/10/2020,283.7139893,211.5,283.7139893,211.5,291.5,218.9799957,277.1679993,206.5399933,289.6000061,212.5,37611500,690400
8/11/2020,274.8779907,204.0800018,274.8779907,204.0800018,284,212.75,273,202.8600006,279.2000122,211.6049957,43129000,808200
8/12/2020,310.9519958,215.1799927,310.9519958,215.1799927,317,217.7200012,287,206.2700043,294,207.6300049,109494000,802300
8/13/2020,324.2000122,225.1799927,324.2000122,225.1799927,330.2359924,229.4499969,313.4519958,216.2599945,322.2000122,216.8249969,102126500,1224300
8/14/2020,330.1419983,219.2100067,330.1419983,219.2100067,333.7600098,229.4900055,325.3280029,217.4700012,332.9979858,226.0599976,62888000,729300
8/17/2020,367.1279907,219.3300018,367.1279907,219.3300018,369.1719971,225.3200073,334.5660095,216.6900024,335.3999939,222.2899933,101211500,986000
8/18/2020,377.4179993,219.0200043,377.4179993,219.0200043,384.7799988,221.8399963,369.0220032,215.2559967,379.7980042,219.5599976,82372500,674800
8/19/2020,375.7059937,220.7100067,375.7059937,220.7100067,382.2000122,223.9499969,368.2420044,219.0099945,373,219.9700012,61026500,578600
8/20/2020,400.3659973,217.1999969,400.3659973,217.1999969,404.3980103,220.4299927,371.4119873,215.9400024,372.1359863,219.8500061,103059000,535500
8/21/2020,409.9960022,213.2899933,409.9960022,213.2899933,419.0979919,218.8600006,405.0100098,212.2120056,408.9519958,217.8000031,107448000,704600
8/24/2020,402.8399963,210.8399963,402.8399963,210.8399963,425.7999878,218.1499939,385.5039978,209.0899963,425.256012,216.0099945,100318000,718400
8/25/2020,404.6679993,213.1600037,404.6679993,213.1600037,405.5899963,214.0599976,393.6000061,208.2599945,394.9779968,211.7599945,53294500,1009900
8/26/2020,430.6340027,214.9199982,430.6340027,214.9199982,433.2000122,219.1900024,410.7260132,209.6199951,412,213.4499969,71197000,667000
8/27/2020,447.75,210.4400024,447.75,210.4400024,459.1199951,216.8200073,428.5,209.3300018,436.0920105,215.5,118465000,797100
8/28/2020,442.6799927,221.1900024,442.6799927,221.1900024,463.697998,223.1600037,437.3039856,210.6499939,459.0239868,210.6499939,100406000,655800
8/31/2020,498.3200073,221.1499939,498.3200073,221.1499939,500.1400146,227.9400024,440.1099854,220.6600037,444.6099854,224.0500031,118374400,860500
9/1/2020,475.0499878,223.7599945,475.0499878,223.7599945,502.4899902,224,470.5100098,216.0099945,502.1400146,222.0299988,90119400,998900
9/2/2020,447.3699951,220.3300018,447.3699951,220.3300018,479.0400085,227.2539978,405.1199951,214.4900055,478.9899902,224.5200043,96176100,680100
9/3/2020,407,195.4499969,407,195.4499969,431.7999878,216.2700043,402,192.970993,407.230011,215.6600037,87596100,1679800
9/4/2020,418.3200073,194.6100006,418.3200073,194.6100006,428,198.5549927,372.019989,181.25,402.8099976,196.9499969,110321900,1550800
9/8/2020,330.2099915,189.0500031,330.2099915,189.0500031,368.7399902,193.5870056,329.8800049,182.0599976,356,190.0160065,115465700,1424300
9/9/2020,366.2799988,193.5599976,366.2799988,193.5599976,369,196.5,341.5100098,189.3800049,356.6000061,194.3200073,79465800,640900
9/10/2020,371.3399963,187,371.3399963,187,398.9899902,198.4600067,360.5599976,185.1799927,386.2099915,195.6100006,84930600,737700
9/11/2020,372.7200012,183.9600067,372.7200012,183.9600067,382.5,191.1900024,360.5,181.0099945,381.9400024,188.75,60717500,655900
9/14/2020,419.6199951,196.1199951,419.6199951,196.1199951,420,196.7700043,373.2999878,186.9700012,380.9500122,187.7100067,83020600,763100
9/15/2020,449.7600098,199,449.7600098,199,461.9400024,202.4299927,430.7000122,195.6600037,436.5599976,200.9400024,97298200,655100
9/16/2020,441.7600098,201.7599945,441.7600098,201.7599945,457.7900085,206.7799988,435.3099976,200,439.8699951,201.1900024,72279300,828800
9/17/2020,423.4299927,187.0299988,423.4299927,187.0299988,437.7900085,193.3899994,408,184.3300018,415.6000061,193.3899994,76779200,1039100
9/18/2020,442.1499939,186.2100067,442.1499939,186.2100067,451,192,428.7999878,180.3099976,447.9400024,190,86406800,1428600
9/21/2020,449.3900146,190.4100037,449.3900146,190.4100037,455.6799927,191,407.0700073,179.1690063,453.1300049,180.7299957,109476800,754600
9/22/2020,424.230011,185.1999969,424.230011,185.1999969,437.7600098,189.5,417.6000061,178.3200073,429.6000061,184.5,79580800,2629900
9/23/2020,380.3599854,189.4400024,380.3599854,189.4400024,412.1499939,196.5099945,375.8800049,187.8999939,405.1600037,189.3999939,95074200,1871800
9/24/2020,387.7900085,191.7299957,387.7900085,191.7299957,399.5,193.9799957,351.2999878,180.875,363.7999878,186.8899994,96561100,964900
9/25/2020,407.3399963,200.9600067,407.3399963,200.9600067,408.730011,202.6999969,391.2999878,191.9900055,393.4700012,192.8999939,67208500,996500
9/28/2020,421.2000122,218.2899933,421.2000122,218.2899933,428.0799866,219,415.5499878,204.5500031,424.6199951,205.1300049,49719600,1415600
9/29/2020,419.0700073,231.5,419.0700073,231.5,428.5,231.8289948,411.6000061,219,416,219,50219300,1572300
9/30/2020,429.0100098,238.3500061,429.0100098,238.3500061,433.9299927,245.7799988,420.4700012,228.1000061,421.3200073,233.4499969,48145600,1580700
10/1/2020,448.1600037,248.8699951,448.1600037,248.8699951,448.8800049,249.7299957,434.4200134,235.2200012,440.7600098,243,50741500,1351700
10/2/2020,415.0899963,251.5800018,415.0899963,251.5800018,439.1300049,257.25,415,239.5,421.3900146,240.6000061,71430000,1318500
10/5/2020,425.6799927,272.5899963,425.6799927,272.5899963,433.6400146,272.6300049,419.3299866,257.0100098,423.3500061,258.4500122,44722800,1399000
10/6/2020,413.980011,271.8699951,413.980011,271.8699951,428.7799988,275.8500061,406.0499878,262.3999939,423.7900085,273.6700134,49146300,1964600
10/7/2020,425.2999878,305.1499939,425.2999878,305.1499939,429.8999939,308.1700134,413.8500061,276.5700073,419.8699951,278.980011,43127700,2194800
10/8/2020,425.9200134,289,425.9200134,289,439,314,425.2999878,278.5599976,438.4400024,311,40421100,3179800
10/9/2020,434,305.3500061,434,305.3500061,434.5899963,311.2420044,426.4599915,286.7099915,430.1300049,292,28925700,1848400
10/12/2020,442.2999878,297.9400024,442.2999878,297.9400024,448.7399902,311.5960083,438.5799866,288,442,310,38791100,1870300
10/13/2020,446.6499939,299.6499939,446.6499939,299.6499939,448.8900146,302.2399902,436.6000061,289.5,443.3500061,295.8900146,34463700,1350300
10/14/2020,461.2999878,304.519989,461.2999878,304.519989,465.8999939,308.7369995,447.3500061,294.0299988,449.7799988,300,48045400,1351100
10/15/2020,448.8800049,302.5,448.8800049,302.5,456.5700073,305.3399963,442.5,290,450.3099976,298,35672400,1139600
10/16/2020,439.6700134,302.019989,439.6700134,302.019989,455.9500122,315.4299927,438.8500061,300.0499878,454.4400024,310,32775900,1691300
10/19/2020,430.8299866,309.1000061,430.8299866,309.1000061,447,316.7820129,428.8699951,300.7200012,446.2399902,304.4899902,36287800,1162500
10/20/2020,421.9400024,309.7999878,421.9400024,309.7999878,431.75,317.8800049,419.0499878,303.4400024,431.75,313.3299866,31656300,1583600
10/21/2020,422.6400146,279.5899963,422.6400146,279.5899963,432.9500122,312.9500122,421.25,278.6319885,422.7000122,310.9400024,32370500,1948400
10/22/2020,425.7900085,280.3900146,425.7900085,280.3900146,445.230011,287.5,424.5100098,268.4299927,441.9200134,282.2900085,39993200,1883900
10/23/2020,420.6300049,282.8800049,420.6300049,282.8800049,422.8900146,293.5,407.3800049,278.3200073,421.8399963,287.0499878,33717000,912500
10/26/2020,420.2799988,273,420.2799988,273,425.7600098,285.7399902,410,265.0899963,411.6300049,276.019989,28239200,1158800
10/27/2020,424.6799927,261.8399963,424.6799927,261.8399963,430.5,275.269989,420.1000061,255.4299927,423.7600098,269.8200073,22686500,1815100
10/28/2020,406.019989,263.8299866,406.019989,263.8299866,418.6000061,269.8699951,406,254.6900024,416.480011,260,25451400,1336400
10/29/2020,410.8299866,270.0899963,410.8299866,270.0899963,418.0599976,275.3800049,406.4599915,266,409.9599915,267,22655300,1099500
10/30/2020,388.0400085,257.6900024,388.0400085,257.6900024,407.5899963,268.9299927,379.1099854,251.0200043,406.8999939,266.5,42511300,1232700
11/2/2020,400.5100098,267.7200012,400.5100098,267.7200012,406.980011,275.9700012,392.2999878,261.0799866,394,262.5,29021100,1805500
11/3/2020,423.8999939,206.3699951,423.8999939,206.3699951,427.769989,217.9700012,406.6900024,201.5599976,409.730011,213.0899963,34351700,8792700
